#,Module,Module title,Topic,Competency,You should be able to,Lecture,Lab,DOK,Yield,ID
1,1,"Foundations, Membranes and Cell Signaling",Foundations of Physiology,Physiology and levels of function,"Define physiology and place a given process at the correct level of organization from molecule to organism, then state the level at which that process is best explained.",Yes,,1,core,w1-levels-function
2,1,"Foundations, Membranes and Cell Signaling",Foundations of Physiology,Structure and function relationship,"Predict how a change in the structure of a molecule, cell, tissue, or organ alters its function, using examples from two different organ systems.",Yes,Yes,3,core,w1-structure-function
3,1,"Foundations, Membranes and Cell Signaling",Foundations of Physiology,Homeostasis defined,"Define homeostasis, regulated variable, and setpoint, and distinguish homeostasis from chemical equilibrium and from steady state.",Yes,,2,core,w1-homeostasis
4,1,"Foundations, Membranes and Cell Signaling",Foundations of Physiology,Feedback loop components,"Diagram a negative feedback loop labeling stimulus, sensor, afferent path, integrating center, efferent path, effector, and response, and trace body temperature or blood glucose through every step.",Yes,Yes,2,core,w1-feedback-components
5,1,"Foundations, Membranes and Cell Signaling",Foundations of Physiology,Negative and positive feedback,"Distinguish negative from positive feedback by the direction of the response and give a physiological example of each, explaining why a positive feedback loop needs an outside event to end it.",Yes,,2,core,w1-feedback-types
6,1,"Foundations, Membranes and Cell Signaling",Foundations of Physiology,Feedforward control and acclimatization,Explain anticipatory feedforward control and acclimatization and identify which one is operating in a given scenario.,Yes,,2,support,w1-feedforward
7,1,"Foundations, Membranes and Cell Signaling",Foundations of Physiology,Local and reflex control pathways,Distinguish a local control pathway from a long distance reflex pathway and classify a given response as one or the other.,Yes,,2,high,w1-control-pathways
8,1,"Foundations, Membranes and Cell Signaling",Foundations of Physiology,Mass balance,"Apply the mass balance equation to a solute or to body water and calculate the intake, production, and output combination that holds the amount in the body constant.",Yes,Yes,3,high,w1-mass-balance
9,1,"Foundations, Membranes and Cell Signaling",Foundations of Physiology,Body fluid compartments,"State the approximate volumes of total body water, intracellular fluid, extracellular fluid, plasma, and interstitial fluid in a 70 kg adult and compare the dominant solutes of the intracellular and extracellular compartments.",Yes,Yes,2,core,w1-fluid-compartments
10,1,"Foundations, Membranes and Cell Signaling",Foundations of Physiology,Compartment separation and clinical volume shifts,Predict the direction of water movement between compartments when extracellular osmolarity rises or falls and name a clinical situation that produces each shift.,Yes,,3,high,w1-compartment-shifts
11,1,"Foundations, Membranes and Cell Signaling",Quantitative Skills for Physiology,Units and unit conversion,"Convert among the units used in physiology including molarity, osmolarity, milliequivalents, mmHg, liters per minute, and percent solutions.",Yes,Yes,2,core,w1-units-conversion
12,1,"Foundations, Membranes and Cell Signaling",Quantitative Skills for Physiology,Graphing and data interpretation,"Construct a labeled graph with the independent variable on the x axis, and read slope, direction, and trend from a physiological data set.",,Yes,2,core,w1-lab-graphing
13,1,"Foundations, Membranes and Cell Signaling",Quantitative Skills for Physiology,Experimental design and controls,"Identify the hypothesis, independent variable, dependent variable, and control condition in a physiology experiment and state what the control rules out.",,Yes,3,core,w1-lab-experimental-design
14,1,"Foundations, Membranes and Cell Signaling",Quantitative Skills for Physiology,Measurement error and variability,Distinguish random from systematic error and explain why physiological measurements are repeated and averaged.,,Yes,2,support,w1-lab-measurement-error
15,1,"Foundations, Membranes and Cell Signaling",Chemical Foundations,Water and solution properties,Explain how the polarity and hydrogen bonding of water determine solubility and identify whether a given solute is hydrophilic or hydrophobic.,Yes,,1,support,w1-water-properties
16,1,"Foundations, Membranes and Cell Signaling",Chemical Foundations,pH and buffers,"Define pH, state the normal pH range of arterial blood, and explain how a buffer pair resists a change in pH when acid or base is added.",Yes,Yes,2,core,w1-ph-buffers
17,1,"Foundations, Membranes and Cell Signaling",Chemical Foundations,Protein structure and function,Relate the levels of protein structure to binding site shape and explain how denaturation by heat or pH change destroys function.,Yes,Yes,2,high,w1-protein-function
18,1,"Foundations, Membranes and Cell Signaling",Chemical Foundations,Enzyme activity and regulation,"Describe how enzymes lower activation energy and predict the effect of substrate concentration, temperature, pH, and competitive or allosteric inhibition on reaction rate.",Yes,Yes,3,core,w1-enzyme-function
19,1,"Foundations, Membranes and Cell Signaling",Chemical Foundations,ATP and energy coupling,Explain how ATP hydrolysis is coupled to endergonic cellular work and name three categories of work that require it.,Yes,,2,core,w1-atp-energy
20,1,"Foundations, Membranes and Cell Signaling",Chemical Foundations,Enzyme assay,"Measure enzyme activity across a range of temperature or pH using a spectrophotometric or colorimetric assay, plot the results, and identify the optimum.",,Yes,3,high,w1-lab-enzyme-assay
21,1,"Foundations, Membranes and Cell Signaling",Membrane Structure and Diffusion,Membrane composition and fluidity,"Describe the fluid mosaic membrane and state how phospholipids, cholesterol, glycolipids, and integral and peripheral proteins contribute to its properties.",Yes,,2,core,w2-membrane-structure
22,1,"Foundations, Membranes and Cell Signaling",Membrane Structure and Diffusion,Determinants of permeability,"Rank molecules by their ability to cross a lipid bilayer unaided using size, charge, and lipid solubility, and predict which will require a protein.",Yes,,3,core,w2-permeability
23,1,"Foundations, Membranes and Cell Signaling",Membrane Structure and Diffusion,Simple diffusion and Fick's law,"State the variables in Fick's law of diffusion and predict how a change in concentration gradient, surface area, membrane thickness, or distance changes the rate of transfer.",Yes,Yes,3,core,w2-fick-diffusion
24,1,"Foundations, Membranes and Cell Signaling",Membrane Structure and Diffusion,Osmolarity and tonicity,"Calculate the osmolarity of a solution, distinguish osmolarity from tonicity, and classify a solution as isotonic, hypotonic, or hypertonic to a cell.",Yes,Yes,3,core,w2-osmolarity-tonicity
25,1,"Foundations, Membranes and Cell Signaling",Membrane Structure and Diffusion,Osmosis and cell volume,Predict the direction of water movement and the resulting change in cell volume when a cell is placed in a solution of stated osmolarity and penetrating solute content.,Yes,Yes,3,core,w2-osmosis-cell-volume
26,1,"Foundations, Membranes and Cell Signaling",Membrane Structure and Diffusion,Diffusion and osmosis experiment,Measure diffusion and osmotic movement across a selectively permeable membrane and relate the observed rate to molecular size and concentration gradient.,,Yes,2,core,w2-lab-diffusion-osmosis
27,1,"Foundations, Membranes and Cell Signaling",Membrane Structure and Diffusion,Tonicity and red blood cells,"Observe erythrocytes in solutions of different tonicity, identify crenation, normal shape, and hemolysis, and explain each result.",,Yes,2,high,w2-lab-rbc-tonicity
28,1,"Foundations, Membranes and Cell Signaling",Membrane Transport,Facilitated diffusion,Describe carrier and channel mediated diffusion and explain why carrier mediated transport shows saturation and specificity while simple diffusion does not.,Yes,,2,core,w2-facilitated-diffusion
29,1,"Foundations, Membranes and Cell Signaling",Membrane Transport,Primary active transport,"Explain how the sodium potassium ATPase uses ATP to move three sodium out and two potassium in, and state the two gradients it maintains.",Yes,Yes,2,core,w2-primary-active-transport
30,1,"Foundations, Membranes and Cell Signaling",Membrane Transport,Secondary active transport,Distinguish symport from antiport and trace how the sodium gradient powers glucose uptake by SGLT and calcium removal by the sodium calcium exchanger.,Yes,,3,core,w2-secondary-active-transport
31,1,"Foundations, Membranes and Cell Signaling",Membrane Transport,Transport maximum and saturation,"Interpret a transport rate curve, identify the transport maximum, and apply the concept to renal glucose handling in hyperglycemia.",Yes,Yes,3,high,w2-transport-maximum
32,1,"Foundations, Membranes and Cell Signaling",Membrane Transport,Vesicular transport,"Compare phagocytosis, pinocytosis, receptor mediated endocytosis, and exocytosis by trigger, cargo, and energy requirement.",Yes,,2,high,w2-vesicular-transport
33,1,"Foundations, Membranes and Cell Signaling",Membrane Transport,Transepithelial transport,Trace glucose or sodium from lumen to blood across a polarized epithelium and identify which step occurs at the apical membrane and which at the basolateral membrane.,Yes,,3,core,w2-transepithelial-transport
34,1,"Foundations, Membranes and Cell Signaling",Membrane Transport,Transport simulation,Use a membrane transport simulation to distinguish simple diffusion from facilitated diffusion and active transport by their response to gradient reversal and metabolic poison.,,Yes,3,high,w2-lab-transport-sim
35,1,"Foundations, Membranes and Cell Signaling",Membrane Potential,Ion distribution and electrochemical gradients,"State the typical intracellular and extracellular concentrations of sodium, potassium, chloride, and calcium and separate the chemical from the electrical component of the driving force on each ion.",Yes,,2,core,w2-electrochemical-gradient
36,1,"Foundations, Membranes and Cell Signaling",Membrane Potential,Nernst equation,Calculate the equilibrium potential for an ion with the Nernst equation and explain what the sign of the result means for the direction that ion will move.,Yes,Yes,3,core,w2-nernst
37,1,"Foundations, Membranes and Cell Signaling",Membrane Potential,Resting membrane potential,Explain why the resting membrane potential sits near the potassium equilibrium potential and predict how it shifts when membrane permeability to potassium or sodium changes.,Yes,,3,core,w2-resting-potential
38,1,"Foundations, Membranes and Cell Signaling",Membrane Potential,Ion channel gating,"Compare leak, voltage gated, ligand gated, and mechanically gated channels by what opens each one and give a physiological location for each.",Yes,,2,core,w2-ion-channels
39,1,"Foundations, Membranes and Cell Signaling",Membrane Potential,Depolarization and hyperpolarization,"Define depolarization, repolarization, hyperpolarization, and overshoot and label each on a membrane potential tracing.",Yes,Yes,1,core,w2-potential-terms
40,1,"Foundations, Membranes and Cell Signaling",Membrane Potential,Membrane potential simulation,Manipulate extracellular potassium and sodium in a simulation and record the resulting change in resting membrane potential against the Nernst prediction.,,Yes,3,high,w2-lab-membrane-potential
41,1,"Foundations, Membranes and Cell Signaling",Cell Signaling,Signal types and range,"Classify a chemical signal as autocrine, paracrine, neurotransmitter, neurohormone, or hormone by its route and distance of travel.",Yes,,2,core,w3-signal-types
42,1,"Foundations, Membranes and Cell Signaling",Cell Signaling,Receptor location and ligand solubility,Predict whether a signal molecule binds a surface receptor or an intracellular receptor from its lipid solubility and relate that to the speed and duration of the response.,Yes,,3,core,w3-receptor-location
43,1,"Foundations, Membranes and Cell Signaling",Cell Signaling,G protein coupled receptors,Trace a G protein coupled receptor pathway from ligand binding through the G protein and amplifier enzyme to the second messenger and the cellular response.,Yes,,3,core,w3-gpcr-pathway
44,1,"Foundations, Membranes and Cell Signaling",Cell Signaling,Second messengers,"Identify cyclic AMP, IP3, diacylglycerol, and calcium as second messengers and state the enzyme that generates each and one target it activates.",Yes,,2,core,w3-second-messengers
45,1,"Foundations, Membranes and Cell Signaling",Cell Signaling,Catalytic receptors and intracellular receptors,Compare a receptor enzyme such as the insulin receptor with an intracellular steroid receptor by mechanism and by time course of the response.,Yes,,2,high,w3-catalytic-intracellular-receptors
46,1,"Foundations, Membranes and Cell Signaling",Cell Signaling,Signal amplification,Explain how a cascade amplifies a signal and estimate the size of the amplification across the steps of a given pathway.,Yes,,3,high,w3-signal-amplification
47,1,"Foundations, Membranes and Cell Signaling",Cell Signaling,Receptor modulation,"Define agonist, antagonist, competitive inhibition, up regulation, and down regulation and predict the effect of chronic ligand excess on target cell sensitivity.",Yes,,3,core,w3-receptor-modulation
48,1,"Foundations, Membranes and Cell Signaling",Cell Signaling,Signal termination,Name three mechanisms that end a chemical signal and explain why a signal that cannot be terminated produces pathology.,Yes,,2,high,w3-signal-termination
49,1,"Foundations, Membranes and Cell Signaling",Cell Signaling,Dose response relationships,"Plot a dose response curve, identify threshold, maximal response, and EC50, and compare a full agonist with a partial agonist on the same axes.",,Yes,3,high,w3-lab-dose-response
50,2,Neurophysiology and Muscle Physiology,Neurons and Neuroglia,Neuron structural and functional classes,"Classify a neuron as multipolar, bipolar, or pseudounipolar by structure and as sensory, motor, or interneuron by function, and match each class to a location in the nervous system.",Yes,Yes,2,core,w4-neuron-classes
51,2,Neurophysiology and Muscle Physiology,Neurons and Neuroglia,Functional regions of a neuron,"Label the dendrites, cell body, axon hillock, trigger zone, axon, and axon terminal and state which signal type each region carries.",Yes,Yes,2,core,w4-neuron-regions
52,2,Neurophysiology and Muscle Physiology,Neurons and Neuroglia,Glial cell functions,"Match astrocytes, oligodendrocytes, microglia, ependymal cells, satellite cells, and Schwann cells to their physiological roles.",Yes,Yes,2,core,w4-glia-functions
53,2,Neurophysiology and Muscle Physiology,Neurons and Neuroglia,Myelin and its loss,Explain how myelin and the nodes of Ranvier speed conduction and predict the functional consequence of demyelination.,Yes,,3,high,w4-myelin
54,2,Neurophysiology and Muscle Physiology,Neurons and Neuroglia,Axonal transport,Distinguish fast anterograde and retrograde axonal transport from slow transport and state what each carries.,Yes,,1,support,w4-axonal-transport
55,2,Neurophysiology and Muscle Physiology,Electrical Signaling,Graded potentials,"Describe how a graded potential is produced and explain why it varies with stimulus strength and decays with distance, using the terms current leak and cytoplasmic resistance.",Yes,,2,core,w4-graded-potentials
56,2,Neurophysiology and Muscle Physiology,Electrical Signaling,Action potential phases,Diagram an action potential and state the channel state and ion movement responsible for depolarization to peak and for repolarization and afterhyperpolarization.,Yes,Yes,2,core,w4-action-potential
57,2,Neurophysiology and Muscle Physiology,Electrical Signaling,Threshold and all or none,Explain what threshold represents at the trigger zone and why action potential amplitude does not change with a stronger stimulus.,Yes,,2,core,w4-threshold
58,2,Neurophysiology and Muscle Physiology,Electrical Signaling,Coding of stimulus intensity,Explain how the nervous system encodes stimulus strength when action potential amplitude is fixed.,Yes,,2,core,w4-intensity-coding
59,2,Neurophysiology and Muscle Physiology,Electrical Signaling,Refractory periods,Distinguish the absolute from the relative refractory period by channel state and explain how the refractory period sets maximum firing frequency and prevents backward conduction.,Yes,,3,core,w4-refractory
60,2,Neurophysiology and Muscle Physiology,Electrical Signaling,Conduction velocity,Rank axons by conduction velocity using diameter and myelination and contrast continuous with saltatory conduction.,Yes,Yes,2,core,w4-conduction-velocity
61,2,Neurophysiology and Muscle Physiology,Electrical Signaling,Effects of altered extracellular ions,Predict the effect of hyperkalemia and hypokalemia on resting potential and excitability and explain why local anesthetics that block sodium channels abolish the action potential.,Yes,,3,high,w4-ion-disturbance
62,2,Neurophysiology and Muscle Physiology,Electrical Signaling,Action potential simulation,Run a neuron simulation with sodium and potassium channel blockers and interpret the resulting change in the action potential tracing.,,Yes,3,core,w4-lab-ap-simulation
63,2,Neurophysiology and Muscle Physiology,Electrical Signaling,Nerve conduction measurement,Measure conduction velocity from a recorded compound action potential and account for the difference between the fastest and slowest fibers.,,Yes,3,high,w4-lab-nerve-conduction
64,2,Neurophysiology and Muscle Physiology,Synaptic Transmission,Sequence at a chemical synapse,Order the events of chemical synaptic transmission from action potential arrival through calcium entry and vesicle fusion to receptor binding and postsynaptic response.,Yes,Yes,2,core,w5-synaptic-sequence
65,2,Neurophysiology and Muscle Physiology,Synaptic Transmission,Neurotransmitter classes,"Match acetylcholine, the catecholamines, serotonin, glutamate, GABA, glycine, and the neuropeptides to their usual excitatory or inhibitory effect and to a site of action.",Yes,,2,core,w5-neurotransmitters
66,2,Neurophysiology and Muscle Physiology,Synaptic Transmission,Neurotransmitter removal,"Name the three routes that clear a neurotransmitter from the synaptic cleft, degradation, reuptake, and diffusion, and give a drug that blocks one of them.",Yes,,2,high,w5-neurotransmitter-removal
67,2,Neurophysiology and Muscle Physiology,Synaptic Transmission,Excitatory and inhibitory postsynaptic potentials,Distinguish an EPSP from an IPSP by the ion channel opened and the direction of the membrane potential change.,Yes,Yes,2,core,w5-postsynaptic-potentials
68,2,Neurophysiology and Muscle Physiology,Synaptic Transmission,Summation and integration,Distinguish temporal from spatial summation and determine whether a stated combination of EPSPs and IPSPs will bring the trigger zone to threshold.,Yes,Yes,3,core,w5-summation-integration
69,2,Neurophysiology and Muscle Physiology,Synaptic Transmission,Presynaptic modulation,"Compare presynaptic inhibition and facilitation with postsynaptic modulation and state the advantage of presynaptic control at a single input, which is selectivity.",Yes,,2,support,w5-presynaptic-modulation
70,2,Neurophysiology and Muscle Physiology,Synaptic Transmission,Synaptic plasticity,Explain long term potentiation as a mechanism of learning and identify the roles of repeated stimulation and receptor insertion.,Yes,,2,high,w5-synaptic-plasticity
71,2,Neurophysiology and Muscle Physiology,Synaptic Transmission,Electrical synapses,Compare an electrical synapse at a gap junction with a chemical synapse by speed and by capacity for modulation.,Yes,,1,support,w5-electrical-synapses
72,2,Neurophysiology and Muscle Physiology,Synaptic Transmission,Synapse simulation,Alter neurotransmitter release and receptor availability in a synapse simulation and interpret the resulting postsynaptic recording.,,Yes,3,high,w5-lab-synapse-sim
73,2,Neurophysiology and Muscle Physiology,Central Integration and Reflexes,Reflex arc components,"Diagram a reflex arc naming the receptor, sensory neuron, integrating center, motor neuron, and effector, and classify the reflex as monosynaptic or polysynaptic.",Yes,Yes,2,core,w5-reflex-arc
74,2,Neurophysiology and Muscle Physiology,Central Integration and Reflexes,Muscle spindle and stretch reflex,Explain how the muscle spindle detects stretch and trace the stretch reflex including reciprocal inhibition of the antagonist.,Yes,Yes,3,core,w5-stretch-reflex
75,2,Neurophysiology and Muscle Physiology,Central Integration and Reflexes,Golgi tendon organ,Contrast the stimulus and the reflex response of the Golgi tendon organ with those of the muscle spindle.,Yes,,2,high,w5-golgi-tendon
76,2,Neurophysiology and Muscle Physiology,Central Integration and Reflexes,Withdrawal and crossed extensor reflexes,Trace the flexor withdrawal reflex and the crossed extensor reflex and explain how the two together preserve balance.,Yes,Yes,2,high,w5-withdrawal-reflex
77,2,Neurophysiology and Muscle Physiology,Central Integration and Reflexes,Ascending and descending pathways,"Compare the dorsal column, spinothalamic, and corticospinal pathways by the information carried, the side of decussation, and the deficit produced by a lesion.",Yes,,3,core,w5-spinal-pathways
78,2,Neurophysiology and Muscle Physiology,Central Integration and Reflexes,Cerebrospinal fluid and the blood brain barrier,"State the functions of cerebrospinal fluid and explain how the blood brain barrier selects what reaches neurons, including why lipid soluble drugs cross readily.",Yes,,2,high,w5-csf-bbb
79,2,Neurophysiology and Muscle Physiology,Central Integration and Reflexes,Reflex testing and reaction time,Elicit and grade deep tendon reflexes and measure reaction time to distinguish a reflex response from a voluntary response by latency.,,Yes,3,core,w5-lab-reflex-testing
80,2,Neurophysiology and Muscle Physiology,Skeletal Muscle Physiology,Neuromuscular junction,Trace transmission at the neuromuscular junction from the motor neuron action potential to the end plate potential and explain why every action potential in the motor neuron produces one in the muscle fiber.,Yes,Yes,2,core,w6-nmj
81,2,Neurophysiology and Muscle Physiology,Skeletal Muscle Physiology,Excitation contraction coupling,Trace excitation contraction coupling from the T tubule through the DHP and ryanodine receptors to calcium release from the sarcoplasmic reticulum.,Yes,Yes,3,core,w6-ec-coupling
82,2,Neurophysiology and Muscle Physiology,Skeletal Muscle Physiology,Crossbridge cycle,"Order the steps of the crossbridge cycle, binding, power stroke, detachment, and reactivation, and state where ATP binds and where it is hydrolyzed.",Yes,Yes,3,core,w6-crossbridge-cycle
83,2,Neurophysiology and Muscle Physiology,Skeletal Muscle Physiology,Calcium and the regulatory proteins,Explain how calcium binding to troponin moves tropomyosin off the myosin binding site and predict what happens to contraction if calcium cannot be released.,Yes,,3,core,w6-calcium-regulation
84,2,Neurophysiology and Muscle Physiology,Skeletal Muscle Physiology,Relaxation and calcium removal,Explain how SERCA and acetylcholinesterase end a contraction and predict the result if either one fails.,Yes,,3,high,w6-relaxation
85,2,Neurophysiology and Muscle Physiology,Skeletal Muscle Physiology,The muscle twitch,"Label the latent period, contraction phase, and relaxation phase on a twitch tracing and explain what limits each phase.",Yes,Yes,2,core,w6-twitch
86,2,Neurophysiology and Muscle Physiology,Skeletal Muscle Physiology,Summation and tetanus,Explain wave summation and distinguish unfused from fused tetanus by stimulus frequency and calcium accumulation.,Yes,Yes,3,core,w6-summation-tetanus
87,2,Neurophysiology and Muscle Physiology,Skeletal Muscle Physiology,Motor units and recruitment,Define the motor unit and explain how size of the unit and orderly recruitment grade the force a whole muscle produces.,Yes,Yes,3,core,w6-motor-units
88,2,Neurophysiology and Muscle Physiology,Skeletal Muscle Physiology,Length tension relationship,Interpret a length tension curve and explain why tension falls at very short and very long sarcomere lengths.,Yes,Yes,3,core,w6-length-tension
89,2,Neurophysiology and Muscle Physiology,Skeletal Muscle Physiology,Isometric and isotonic contraction,"Distinguish isometric, concentric, and eccentric contractions and predict shortening velocity from the load applied.",Yes,Yes,2,core,w6-contraction-types
90,2,Neurophysiology and Muscle Physiology,Skeletal Muscle Physiology,Muscle fiber types,"Compare slow oxidative, fast oxidative glycolytic, and fast glycolytic fibers by speed, ATP source, fatigue resistance, and typical task.",Yes,Yes,2,core,w6-fiber-types
91,2,Neurophysiology and Muscle Physiology,Skeletal Muscle Physiology,ATP sources during activity,"Order creatine phosphate, anaerobic glycolysis, and oxidative phosphorylation by how quickly each supplies ATP and how long each can sustain it.",Yes,,2,core,w6-muscle-energetics
92,2,Neurophysiology and Muscle Physiology,Skeletal Muscle Physiology,Fatigue and oxygen debt,Distinguish central from peripheral fatigue and explain the metabolic basis of excess post exercise oxygen consumption.,Yes,Yes,3,high,w6-fatigue
93,2,Neurophysiology and Muscle Physiology,Skeletal Muscle Physiology,Muscle plasticity,"Predict the change in fiber size, capillary supply, and mitochondrial content produced by endurance training, resistance training, and disuse.",Yes,,3,high,w6-muscle-adaptation
94,2,Neurophysiology and Muscle Physiology,Skeletal Muscle Physiology,Electromyography and grip fatigue,Record grip force and surface EMG over a sustained contraction and relate the decline in force to recruitment and fatigue.,,Yes,3,core,w6-lab-emg-fatigue
95,2,Neurophysiology and Muscle Physiology,Skeletal Muscle Physiology,Twitch and tetanus simulation,Generate twitch and tetanus tracings in a muscle simulation by varying stimulus voltage and frequency and identify threshold and maximal stimulus.,,Yes,3,core,w6-lab-muscle-sim
96,2,Neurophysiology and Muscle Physiology,Cardiac and Smooth Muscle,Smooth muscle contraction mechanism,Trace smooth muscle contraction through calcium entry and release to calmodulin and myosin light chain kinase and explain why the mechanism is slower and more economical than in skeletal muscle.,Yes,,3,core,w6-smooth-muscle
97,2,Neurophysiology and Muscle Physiology,Cardiac and Smooth Muscle,Smooth muscle types and regulation,Compare single unit and multi unit smooth muscle and list the stimuli that alter smooth muscle tone including stretch and local chemical signals.,Yes,,2,high,w6-smooth-regulation
98,2,Neurophysiology and Muscle Physiology,Cardiac and Smooth Muscle,Cardiac muscle properties,Explain how intercalated discs and gap junctions allow the myocardium to act as a functional syncytium and state why cardiac muscle cannot be tetanized.,Yes,Yes,3,core,w6-cardiac-muscle
99,2,Neurophysiology and Muscle Physiology,Cardiac and Smooth Muscle,Comparison of the three muscle types,"Build a comparison of skeletal, cardiac, and smooth muscle by calcium source, regulatory protein, control, and speed of contraction.",Yes,Yes,3,core,w6-muscle-comparison
100,3,"Sensory, Motor, Autonomic and Endocrine Physiology",General Sensory Physiology,Sensory transduction,Explain how a stimulus is converted into a receptor potential and how that graded potential becomes a train of action potentials in the sensory neuron.,Yes,,3,core,w7-transduction
101,3,"Sensory, Motor, Autonomic and Endocrine Physiology",General Sensory Physiology,Receptor classification,"Classify a receptor by stimulus type as a mechanoreceptor, chemoreceptor, thermoreceptor, photoreceptor, or nociceptor and give a body location for each.",Yes,Yes,2,core,w7-receptor-classes
102,3,"Sensory, Motor, Autonomic and Endocrine Physiology",General Sensory Physiology,Stimulus coding,"Explain how the nervous system encodes modality, location, intensity, and duration and identify the labeled line principle.",Yes,,3,core,w7-stimulus-coding
103,3,"Sensory, Motor, Autonomic and Endocrine Physiology",General Sensory Physiology,Receptive fields and acuity,Relate receptive field size and lateral inhibition to two point discrimination and predict which body regions have the finest acuity.,Yes,Yes,3,core,w7-receptive-fields
104,3,"Sensory, Motor, Autonomic and Endocrine Physiology",General Sensory Physiology,Receptor adaptation,Distinguish tonic from phasic receptors by their adaptation rate and match each to a stimulus the body needs to monitor continuously or only at onset.,Yes,Yes,2,core,w7-receptor-adaptation
105,3,"Sensory, Motor, Autonomic and Endocrine Physiology",General Sensory Physiology,Somatosensory pathways,Trace touch and pain information from receptor to cortex and explain why the somatosensory homunculus is disproportionate.,Yes,,2,high,w7-somatosensory-pathways
106,3,"Sensory, Motor, Autonomic and Endocrine Physiology",General Sensory Physiology,Pain and its modulation,"Distinguish fast and slow pain by fiber type, explain referred pain by convergence, and describe how gate control and endogenous opioids reduce pain transmission.",Yes,,3,high,w7-pain-modulation
107,3,"Sensory, Motor, Autonomic and Endocrine Physiology",General Sensory Physiology,Tactile mapping and adaptation testing,Measure two point discrimination at several body sites and show receptor adaptation and referred sensation experimentally.,,Yes,3,core,w7-lab-tactile-mapping
108,3,"Sensory, Motor, Autonomic and Endocrine Physiology",Special Senses,Optics and accommodation,Explain refraction by the cornea and lens and describe how accommodation and the pupillary reflex focus near and far images.,Yes,Yes,2,core,w7-vision-optics
109,3,"Sensory, Motor, Autonomic and Endocrine Physiology",Special Senses,Phototransduction,Trace phototransduction from photon absorption by retinal through the change in cyclic GMP to the decrease in glutamate release and explain why photoreceptors hyperpolarize to light.,Yes,,3,core,w7-phototransduction
110,3,"Sensory, Motor, Autonomic and Endocrine Physiology",Special Senses,Rods cones and visual processing,Compare rods and cones by sensitivity and acuity and trace the visual pathway to predict the field deficit produced by a lesion at the optic nerve or the optic chiasm.,Yes,,3,high,w7-visual-processing
111,3,"Sensory, Motor, Autonomic and Endocrine Physiology",Special Senses,Refractive errors and clinical vision,"Explain myopia, hyperopia, presbyopia, and astigmatism in terms of focal point and eyeball or lens shape and state the corrective lens for each.",Yes,Yes,3,high,w7-vision-clinical
112,3,"Sensory, Motor, Autonomic and Endocrine Physiology",Special Senses,Auditory transduction,Trace sound from the tympanic membrane through the ossicles and cochlear fluid to hair cell bending and auditory nerve firing and explain how pitch and loudness are coded.,Yes,,3,core,w7-hearing-transduction
113,3,"Sensory, Motor, Autonomic and Endocrine Physiology",Special Senses,Conductive and sensorineural hearing loss,Distinguish conductive from sensorineural hearing loss by the site of the lesion and by the expected Weber and Rinne results.,Yes,Yes,3,high,w7-hearing-clinical
114,3,"Sensory, Motor, Autonomic and Endocrine Physiology",Special Senses,Equilibrium,Explain how the semicircular canals detect angular acceleration and how the utricle and saccule detect linear acceleration and head position.,Yes,Yes,2,high,w7-equilibrium
115,3,"Sensory, Motor, Autonomic and Endocrine Physiology",Special Senses,Taste and smell,Compare gustatory and olfactory transduction and explain why olfactory input reaches the limbic system without a thalamic relay.,Yes,,2,support,w7-chemical-senses
116,3,"Sensory, Motor, Autonomic and Endocrine Physiology",Special Senses,Vision testing,"Perform visual acuity, blind spot, accommodation, and color vision testing and interpret each result.",,Yes,2,core,w7-lab-vision-tests
117,3,"Sensory, Motor, Autonomic and Endocrine Physiology",Special Senses,Hearing and equilibrium testing,Perform Weber and Rinne tuning fork tests and a balance test and interpret the findings.,,Yes,3,high,w7-lab-hearing-tests
118,3,"Sensory, Motor, Autonomic and Endocrine Physiology",Motor Control,Motor control hierarchy,Order the levels of motor control from spinal reflex through brainstem to cortex and state what each level contributes to a voluntary movement.,Yes,,2,core,w8-motor-hierarchy
119,3,"Sensory, Motor, Autonomic and Endocrine Physiology",Motor Control,Corticospinal pathway,Trace the corticospinal pathway from the primary motor cortex to the skeletal muscle and identify where it crosses.,Yes,,2,core,w8-corticospinal
120,3,"Sensory, Motor, Autonomic and Endocrine Physiology",Motor Control,Cerebellum and basal ganglia,Contrast the contributions of the cerebellum and the basal ganglia to movement and match a described motor sign to the structure involved.,Yes,,3,high,w8-cerebellum-basal-ganglia
121,3,"Sensory, Motor, Autonomic and Endocrine Physiology",Motor Control,Upper and lower motor neuron signs,"Distinguish upper from lower motor neuron lesions by tone, reflexes, and muscle bulk and assign a set of findings to the correct level.",Yes,Yes,3,high,w8-umn-lmn
122,3,"Sensory, Motor, Autonomic and Endocrine Physiology",Autonomic Nervous System,Autonomic and somatic organization,Contrast the somatic motor system with the autonomic two neuron pathway by neuron count and by effector tissue.,Yes,,2,core,w8-ans-organization
123,3,"Sensory, Motor, Autonomic and Endocrine Physiology",Autonomic Nervous System,Sympathetic and parasympathetic divisions,Compare the two autonomic divisions by CNS origin and ganglion location and predict the effect of each on heart rate and on the gastrointestinal tract.,Yes,Yes,2,core,w8-ans-divisions
124,3,"Sensory, Motor, Autonomic and Endocrine Physiology",Autonomic Nervous System,Autonomic neurotransmitters and receptors,"Match nicotinic, muscarinic, alpha, and beta receptors to their neurotransmitter, their location, and the response each produces.",Yes,,3,core,w8-ans-receptors
125,3,"Sensory, Motor, Autonomic and Endocrine Physiology",Autonomic Nervous System,Dual innervation and tonic control,Explain dual innervation and autonomic tone and predict the effect of removing one division from a dually innervated organ.,Yes,,3,core,w8-ans-tone
126,3,"Sensory, Motor, Autonomic and Endocrine Physiology",Autonomic Nervous System,Adrenal medulla,Explain why the adrenal medulla is a modified sympathetic ganglion and compare the duration of its circulating catecholamine effect with direct sympathetic innervation.,Yes,,2,high,w8-adrenal-medulla
127,3,"Sensory, Motor, Autonomic and Endocrine Physiology",Autonomic Nervous System,Autonomic pharmacology,Predict the effect of a beta blocker or a muscarinic antagonist on a named organ from the receptor it targets.,Yes,,3,high,w8-ans-pharmacology
128,3,"Sensory, Motor, Autonomic and Endocrine Physiology",Autonomic Nervous System,Autonomic function testing,Measure heart rate variability and the response to a cold pressor or orthostatic challenge and interpret the result as sympathetic or parasympathetic dominance.,,Yes,3,high,w8-lab-autonomic-testing
129,3,"Sensory, Motor, Autonomic and Endocrine Physiology",Endocrine Principles,Hormone classes,"Classify hormones as peptide, steroid, or amine and compare the three by synthesis, storage, and receptor location.",Yes,,2,core,w9-hormone-classes
130,3,"Sensory, Motor, Autonomic and Endocrine Physiology",Endocrine Principles,Hormone transport and half life,Explain how protein binding in plasma affects the free hormone fraction and the half life and predict which hormone class circulates bound.,Yes,,3,high,w9-hormone-transport
131,3,"Sensory, Motor, Autonomic and Endocrine Physiology",Endocrine Principles,Hormone receptors and target response,Explain why one hormone can produce different responses in different tissues and relate receptor number to target cell sensitivity.,Yes,,3,core,w9-hormone-receptors
132,3,"Sensory, Motor, Autonomic and Endocrine Physiology",Endocrine Principles,Hormone interactions,"Define synergism, permissiveness, and antagonism and identify each in a described hormone pair.",Yes,,2,high,w9-hormone-interactions
133,3,"Sensory, Motor, Autonomic and Endocrine Physiology",Endocrine Principles,Control of hormone release,"Classify a hormone stimulus as humoral, neural, or hormonal and trace an example of each.",Yes,,2,core,w9-hormone-release
134,3,"Sensory, Motor, Autonomic and Endocrine Physiology",Endocrine Principles,Hypothalamic pituitary axes,Trace a three tier axis from hypothalamic releasing hormone through the anterior pituitary trophic hormone to the peripheral gland and place the long and short loop negative feedback.,Yes,Yes,3,core,w9-hypothalamic-pituitary
135,3,"Sensory, Motor, Autonomic and Endocrine Physiology",Endocrine Principles,Primary and secondary endocrine disorders,Use hormone levels at two tiers of an axis to classify a disorder as primary or secondary and as hypersecretion or hyposecretion.,Yes,Yes,3,core,w9-endocrine-pathology
136,3,"Sensory, Motor, Autonomic and Endocrine Physiology",Endocrine Glands,Posterior pituitary hormones,Explain why the posterior pituitary is neural tissue and state the stimulus and target action of antidiuretic hormone and oxytocin.,Yes,,2,core,w9-posterior-pituitary
137,3,"Sensory, Motor, Autonomic and Endocrine Physiology",Endocrine Glands,Growth hormone,Describe the direct and insulin like growth factor mediated actions of growth hormone and predict the result of excess or deficiency before and after epiphyseal closure.,Yes,,3,high,w9-growth-hormone
138,3,"Sensory, Motor, Autonomic and Endocrine Physiology",Endocrine Glands,Thyroid hormone,"Trace thyroid hormone synthesis, state the metabolic actions of T3 and T4, and match hyperthyroid and hypothyroid signs to the underlying rate of metabolism.",Yes,Yes,3,core,w9-thyroid
139,3,"Sensory, Motor, Autonomic and Endocrine Physiology",Endocrine Glands,Adrenal cortex,"Match the three cortical zones to aldosterone, cortisol, and the adrenal androgens and state the primary action of each.",Yes,Yes,2,core,w9-adrenal-cortex
140,3,"Sensory, Motor, Autonomic and Endocrine Physiology",Endocrine Glands,Cortisol and the stress response,"Describe the metabolic, immune, and cardiovascular actions of cortisol and explain the consequences of chronic elevation.",Yes,,3,core,w9-stress-response
141,3,"Sensory, Motor, Autonomic and Endocrine Physiology",Endocrine Glands,Calcium homeostasis,"Trace the response to falling plasma calcium through parathyroid hormone, calcitriol, and the actions on bone, kidney, and intestine, and state the role of calcitonin.",Yes,Yes,3,core,w9-calcium-homeostasis
142,3,"Sensory, Motor, Autonomic and Endocrine Physiology",Endocrine Glands,Pancreatic islet hormones,Compare insulin and glucagon by stimulus and by effect on liver glycogen and on plasma glucose and identify the islet cell that secretes each.,Yes,Yes,2,core,w9-islet-hormones
143,3,"Sensory, Motor, Autonomic and Endocrine Physiology",Endocrine Glands,Diabetes mellitus,Distinguish type 1 from type 2 diabetes by mechanism and explain how untreated hyperglycemia produces polyuria and ketoacidosis.,Yes,,3,core,w9-diabetes
144,3,"Sensory, Motor, Autonomic and Endocrine Physiology",Endocrine Glands,Glucose tolerance testing,Plot a glucose tolerance curve from measured or simulated data and distinguish a normal response from an impaired one.,,Yes,3,core,w9-lab-glucose-tolerance
145,3,"Sensory, Motor, Autonomic and Endocrine Physiology",Endocrine Glands,Hormone assay,Run or simulate an immunoassay for a hormone and use the standard curve to determine an unknown concentration.,,Yes,3,high,w9-lab-hormone-assay
146,4,Cardiovascular and Respiratory Physiology,Blood,Plasma and blood functions,"State the three functional categories of blood, transport, regulation, and protection, and name the major plasma proteins and the function of each.",Yes,Yes,2,core,w10-plasma
147,4,Cardiovascular and Respiratory Physiology,Blood,Hematocrit and formed elements,Define hematocrit and interpret a value as normal or abnormal in the context of anemia and dehydration.,Yes,Yes,2,core,w10-hematocrit
148,4,Cardiovascular and Respiratory Physiology,Blood,Erythrocyte structure and hemoglobin,Relate the biconcave shape and absent nucleus of the erythrocyte to its function and describe how the four heme groups of hemoglobin carry oxygen.,Yes,Yes,2,core,w10-rbc-hemoglobin
149,4,Cardiovascular and Respiratory Physiology,Blood,Erythropoiesis and its regulation,Trace the erythropoietin negative feedback loop from tissue hypoxia to increased red cell production and state the nutrients required.,Yes,,3,core,w10-erythropoiesis
150,4,Cardiovascular and Respiratory Physiology,Blood,Red cell destruction and bilirubin,Trace the fate of hemoglobin after red cell breakdown and explain how failure to clear bilirubin produces jaundice.,Yes,,2,high,w10-rbc-destruction
151,4,Cardiovascular and Respiratory Physiology,Blood,Leukocytes,"Match neutrophils, lymphocytes, monocytes, eosinophils, and basophils to their defensive function and to the condition that raises each.",Yes,Yes,2,high,w10-leukocytes
152,4,Cardiovascular and Respiratory Physiology,Blood,Hemostasis,"Order the three phases of hemostasis, vascular spasm, platelet plug formation, and coagulation, and identify the role of von Willebrand factor and thromboxane.",Yes,,2,core,w10-hemostasis
153,4,Cardiovascular and Respiratory Physiology,Blood,Coagulation cascade,"Compare the intrinsic and extrinsic pathways to the common pathway and identify the roles of thrombin, fibrin, calcium, and vitamin K.",Yes,,3,core,w10-coagulation
154,4,Cardiovascular and Respiratory Physiology,Blood,Clot limitation and fibrinolysis,Explain how anticoagulants and plasmin limit and remove a clot and predict the effect of a drug that blocks vitamin K or platelet aggregation.,Yes,,3,high,w10-fibrinolysis
155,4,Cardiovascular and Respiratory Physiology,Blood,ABO and Rh blood types,Predict agglutination for any donor and recipient ABO and Rh combination and explain the mechanism of hemolytic disease of the newborn.,Yes,Yes,3,core,w10-blood-types
156,4,Cardiovascular and Respiratory Physiology,Blood,Hematocrit and hemoglobin determination,Determine hematocrit and hemoglobin from a sample or simulation and evaluate the result against reference ranges.,,Yes,2,core,w10-lab-hematocrit
157,4,Cardiovascular and Respiratory Physiology,Blood,Blood typing,Perform simulated ABO and Rh typing and determine compatible donor types for the result obtained.,,Yes,3,core,w10-lab-blood-typing
158,4,Cardiovascular and Respiratory Physiology,Cardiac Electrophysiology,Pacemaker potential,"Explain the unstable pacemaker potential of the sinoatrial node by the funny current, calcium entry, and potassium exit and state what sets intrinsic heart rate.",Yes,,3,core,w10-pacemaker-potential
159,4,Cardiovascular and Respiratory Physiology,Cardiac Electrophysiology,Contractile cell action potential,"Diagram the ventricular action potential and identify the ion movement responsible for the rapid upstroke, the plateau, and repolarization.",Yes,Yes,3,core,w10-cardiac-ap
160,4,Cardiovascular and Respiratory Physiology,Cardiac Electrophysiology,Conduction system,"Trace an impulse through the sinoatrial node, internodal pathways, atrioventricular node, bundle of His, bundle branches, and Purkinje fibers and explain the purpose of the atrioventricular delay.",Yes,Yes,2,core,w10-conduction-system
161,4,Cardiovascular and Respiratory Physiology,Cardiac Electrophysiology,Cardiac refractory period,Explain why the long refractory period of cardiac muscle prevents tetanus and why that matters for pump function.,Yes,,3,core,w10-cardiac-refractory
162,4,Cardiovascular and Respiratory Physiology,Cardiac Electrophysiology,ECG waves and intervals,"Label the P wave, QRS complex, T wave, PR interval, and QT interval and state the electrical event each represents.",Yes,Yes,2,core,w10-ecg-basics
163,4,Cardiovascular and Respiratory Physiology,Cardiac Electrophysiology,ECG interpretation,"Calculate heart rate from an ECG strip and identify sinus rhythm, tachycardia, bradycardia, and a first degree or complete heart block.",Yes,Yes,3,core,w10-ecg-interpretation
164,4,Cardiovascular and Respiratory Physiology,Cardiac Electrophysiology,ECG recording,"Record a lead II ECG, measure the intervals, and correlate each wave with the mechanical event that follows it.",,Yes,3,core,w10-lab-ecg
165,4,Cardiovascular and Respiratory Physiology,Cardiac Mechanics,Cardiac cycle,Order the phases of the cardiac cycle and state the pressure relationship that opens and closes the atrioventricular and semilunar valves in each phase.,Yes,Yes,3,core,w11-cardiac-cycle
166,4,Cardiovascular and Respiratory Physiology,Cardiac Mechanics,Pressure volume loop,"Label the four phases of a ventricular pressure volume loop and predict how the loop changes with increased preload, increased afterload, or increased contractility.",Yes,,3,high,w11-pv-loop
167,4,Cardiovascular and Respiratory Physiology,Cardiac Mechanics,Heart sounds,Explain the origin of the first and second heart sounds and relate a murmur to valve stenosis or regurgitation by its timing.,Yes,Yes,3,core,w11-heart-sounds
168,4,Cardiovascular and Respiratory Physiology,Cardiac Mechanics,Stroke volume and ejection fraction,Calculate stroke volume and ejection fraction from end diastolic and end systolic volumes and interpret a reduced ejection fraction.,Yes,Yes,3,core,w11-stroke-volume
169,4,Cardiovascular and Respiratory Physiology,Cardiac Mechanics,Cardiac output,Calculate cardiac output and cardiac reserve and predict the effect of a change in heart rate or stroke volume on each.,Yes,Yes,3,core,w11-cardiac-output
170,4,Cardiovascular and Respiratory Physiology,Cardiac Mechanics,Frank Starling relationship,State the Frank Starling law and explain how venous return and end diastolic volume determine the force of the next contraction.,Yes,,3,core,w11-frank-starling
171,4,Cardiovascular and Respiratory Physiology,Cardiac Mechanics,Preload afterload and contractility,"Distinguish preload, afterload, and contractility and predict how a change in each alters stroke volume.",Yes,,3,core,w11-preload-afterload
172,4,Cardiovascular and Respiratory Physiology,Cardiac Mechanics,Autonomic regulation of the heart,Explain how sympathetic and parasympathetic input alter heart rate and contractility at the receptor and second messenger level.,Yes,,3,core,w11-cardiac-regulation
173,4,Cardiovascular and Respiratory Physiology,Cardiac Mechanics,Heart sound and pulse correlation,"Auscultate the heart sounds, locate the valve areas, and correlate the sounds with the pulse and with the cardiac cycle phases.",,Yes,2,core,w11-lab-heart-sounds
174,4,Cardiovascular and Respiratory Physiology,Vascular Physiology,Pressure flow and resistance,"Apply the relationship among flow, pressure gradient, and resistance and predict the effect of a change in vessel radius, blood viscosity, or vessel length on flow.",Yes,Yes,3,core,w11-flow-resistance
175,4,Cardiovascular and Respiratory Physiology,Vascular Physiology,Vessel structure and function,"Match arteries, arterioles, capillaries, venules, and veins to their role in pressure buffering, resistance, exchange, and capacitance.",Yes,Yes,2,core,w11-vessel-function
176,4,Cardiovascular and Respiratory Physiology,Vascular Physiology,Arterial blood pressure,"Define systolic, diastolic, pulse, and mean arterial pressure, calculate mean arterial pressure, and explain how it is determined by cardiac output and total peripheral resistance.",Yes,Yes,3,core,w11-blood-pressure
177,4,Cardiovascular and Respiratory Physiology,Vascular Physiology,Local control of blood flow,"Explain myogenic, metabolic, and endothelial control of arteriolar tone and predict the local flow response to increased tissue metabolism.",Yes,,3,core,w11-local-blood-flow
178,4,Cardiovascular and Respiratory Physiology,Vascular Physiology,Capillary exchange and Starling forces,Identify the four Starling forces at a capillary and determine the net direction of fluid movement at the arterial and venous ends.,Yes,,3,core,w11-capillary-exchange
179,4,Cardiovascular and Respiratory Physiology,Vascular Physiology,Edema,"Explain how increased capillary hydrostatic pressure, reduced plasma protein, increased permeability, or lymphatic blockage each produce edema and match a clinical scenario to its mechanism.",Yes,,3,high,w11-edema
180,4,Cardiovascular and Respiratory Physiology,Vascular Physiology,Lymphatic return,State the volume of fluid the lymphatic system returns each day and trace lymph from an interstitial space to the subclavian vein.,Yes,,2,high,w11-lymph-return
181,4,Cardiovascular and Respiratory Physiology,Vascular Physiology,Venous return,"Explain the skeletal muscle pump, the respiratory pump, and venoconstriction and predict the effect of prolonged standing on venous return and stroke volume.",Yes,Yes,3,core,w11-venous-return
182,4,Cardiovascular and Respiratory Physiology,Vascular Physiology,Blood pressure measurement,"Measure blood pressure by auscultation, explain the origin of the Korotkoff sounds, and record the response to a postural or exercise challenge.",,Yes,3,core,w11-lab-bp-measurement
183,4,Cardiovascular and Respiratory Physiology,Cardiovascular Regulation,Baroreceptor reflex,Trace the baroreceptor reflex from the carotid sinus and aortic arch through the medulla to the heart and vessels and state the response to a fall in blood pressure.,Yes,Yes,3,core,w11-baroreflex
184,4,Cardiovascular and Respiratory Physiology,Cardiovascular Regulation,Hormonal control of blood pressure,"Describe the roles of angiotensin II, aldosterone, antidiuretic hormone, and atrial natriuretic peptide in long term blood pressure control.",Yes,,3,core,w11-cv-hormonal
185,4,Cardiovascular and Respiratory Physiology,Cardiovascular Regulation,Cardiovascular response to exercise,"Predict the change in heart rate, stroke volume, cardiac output, total peripheral resistance, and regional blood flow distribution during moderate exercise.",Yes,Yes,3,core,w11-exercise-cv
186,4,Cardiovascular and Respiratory Physiology,Cardiovascular Regulation,Compensation in hemorrhage and shock,Sequence the compensatory responses to blood loss and explain the point at which compensation fails.,Yes,,3,high,w11-shock-compensation
187,4,Cardiovascular and Respiratory Physiology,Respiratory Mechanics,Functions and functional zones,State the functions of the respiratory system and distinguish the conducting zone from the respiratory zone by structure and by role in gas exchange.,Yes,Yes,1,core,w12-respiratory-functions
188,4,Cardiovascular and Respiratory Physiology,Respiratory Mechanics,Pressure gradients and airflow,Apply Boyle's law to inspiration and expiration and relate alveolar pressure to atmospheric pressure at each point in a quiet breath.,Yes,,3,core,w12-ventilation-mechanics
189,4,Cardiovascular and Respiratory Physiology,Respiratory Mechanics,Intrapleural pressure,Explain why intrapleural pressure is subatmospheric and predict what happens to the lung and chest wall when the pleural seal is broken.,Yes,,3,core,w12-intrapleural-pressure
190,4,Cardiovascular and Respiratory Physiology,Respiratory Mechanics,Compliance and elastic recoil,Define lung compliance and elastic recoil and predict the effect of fibrosis and of emphysema on each.,Yes,,3,core,w12-compliance
191,4,Cardiovascular and Respiratory Physiology,Respiratory Mechanics,Surfactant and surface tension,Explain how surfactant lowers surface tension and why its absence causes alveolar collapse in the premature newborn.,Yes,,3,core,w12-surfactant
192,4,Cardiovascular and Respiratory Physiology,Respiratory Mechanics,Airway resistance,"Identify the main determinant of airway resistance and predict the effect of bronchoconstriction, mucus, and sympathetic stimulation on airflow.",Yes,,3,high,w12-airway-resistance
193,4,Cardiovascular and Respiratory Physiology,Respiratory Mechanics,Lung volumes and capacities,"Define tidal volume, inspiratory and expiratory reserve volume, residual volume, vital capacity, and total lung capacity and read each from a spirogram.",Yes,Yes,2,core,w12-lung-volumes
194,4,Cardiovascular and Respiratory Physiology,Respiratory Mechanics,Obstructive and restrictive patterns,Use the ratio of forced expiratory volume in one second to forced vital capacity to classify a spirometry result as obstructive or restrictive.,Yes,Yes,3,core,w12-spirometry-patterns
195,4,Cardiovascular and Respiratory Physiology,Respiratory Mechanics,Alveolar ventilation and dead space,Calculate minute ventilation and alveolar ventilation and explain why slow deep breathing ventilates the alveoli better than rapid shallow breathing.,Yes,Yes,3,core,w12-dead-space
196,4,Cardiovascular and Respiratory Physiology,Respiratory Mechanics,Spirometry,"Record a spirogram, calculate the lung volumes and capacities available from it, and compare the results with predicted values.",,Yes,3,core,w12-lab-spirometry
197,4,Cardiovascular and Respiratory Physiology,Gas Exchange and Transport,Partial pressures,"Apply Dalton's law to calculate the partial pressure of oxygen in inspired and alveolar air and state the normal partial pressures in alveolar air, arterial blood, and venous blood.",Yes,,3,core,w12-partial-pressures
198,4,Cardiovascular and Respiratory Physiology,Gas Exchange and Transport,Diffusion at the respiratory membrane,"Apply the determinants of diffusion to the respiratory membrane and predict the effect of edema, fibrosis, and emphysema on gas transfer.",Yes,,3,core,w12-gas-diffusion
199,4,Cardiovascular and Respiratory Physiology,Gas Exchange and Transport,Ventilation perfusion matching,Explain how local hypoxic vasoconstriction and bronchiolar responses match ventilation to perfusion and predict the consequence of a mismatch.,Yes,,3,high,w12-va-q-matching
200,4,Cardiovascular and Respiratory Physiology,Gas Exchange and Transport,Oxygen transport and the oxyhemoglobin curve,Explain the sigmoid shape of the oxyhemoglobin dissociation curve and state the physiological advantage of the steep and the flat portions.,Yes,Yes,3,core,w12-oxygen-transport
201,4,Cardiovascular and Respiratory Physiology,Gas Exchange and Transport,Curve shifts,"Predict the direction of the oxyhemoglobin curve shift produced by a change in pH, carbon dioxide, temperature, or 2,3 bisphosphoglycerate and state what the shift means for tissue oxygen delivery.",Yes,Yes,3,core,w12-hb-curve-shifts
202,4,Cardiovascular and Respiratory Physiology,Gas Exchange and Transport,Carbon dioxide transport,"Name the three forms in which carbon dioxide is carried, state the approximate percentage of each, and trace the chloride shift in a systemic capillary.",Yes,,3,core,w12-co2-transport
203,4,Cardiovascular and Respiratory Physiology,Gas Exchange and Transport,Bohr and Haldane effects,Distinguish the Bohr effect from the Haldane effect and explain how the two work together at the tissue and at the lung.,Yes,,3,high,w12-bohr-haldane
204,4,Cardiovascular and Respiratory Physiology,Gas Exchange and Transport,Oxygen content versus partial pressure,Distinguish oxygen content from oxygen partial pressure and saturation and explain why anemia and carbon monoxide poisoning reduce delivery differently.,Yes,,3,high,w12-oxygen-content
205,4,Cardiovascular and Respiratory Physiology,Control of Ventilation,Respiratory centers,Identify the medullary and pontine respiratory centers and explain how the basic breathing rhythm is generated and modified.,Yes,,2,core,w12-respiratory-centers
206,4,Cardiovascular and Respiratory Physiology,Control of Ventilation,Chemoreceptor control,Compare central and peripheral chemoreceptors by stimulus and explain why carbon dioxide is the primary minute to minute drive to breathe.,Yes,,3,core,w12-chemoreceptors
207,4,Cardiovascular and Respiratory Physiology,Control of Ventilation,Ventilation in exercise and at altitude,Predict the ventilatory response to exercise and to acute and chronic altitude exposure and explain the acclimatization changes.,Yes,,3,high,w12-ventilation-adaptation
208,4,Cardiovascular and Respiratory Physiology,Control of Ventilation,Ventilatory response testing,"Measure the change in breathing rate and depth after hyperventilation, breath holding, and rebreathing and explain each result by the change in carbon dioxide.",,Yes,3,core,w12-lab-ventilation-response
209,5,"Renal, Digestive, Metabolic, Immune and Reproductive Physiology",Renal Physiology,Kidney functions,"List the homeostatic functions of the kidney including water and electrolyte balance, acid base regulation, waste excretion, blood pressure control, and hormone production.",Yes,,1,core,w13-kidney-functions
210,5,"Renal, Digestive, Metabolic, Immune and Reproductive Physiology",Renal Physiology,Nephron structure and function,Match each nephron segment to its dominant transport function and distinguish a cortical from a juxtamedullary nephron by capability.,Yes,Yes,2,core,w13-nephron-function
211,5,"Renal, Digestive, Metabolic, Immune and Reproductive Physiology",Renal Physiology,Three renal processes,"Define filtration, reabsorption, secretion, and excretion and write the equation that relates them for any solute.",Yes,,2,core,w13-renal-processes
212,5,"Renal, Digestive, Metabolic, Immune and Reproductive Physiology",Renal Physiology,Filtration membrane and selectivity,Describe the three layers of the filtration membrane and predict which plasma components appear in the filtrate based on size and charge.,Yes,Yes,2,core,w13-filtration-membrane
213,5,"Renal, Digestive, Metabolic, Immune and Reproductive Physiology",Renal Physiology,Net filtration pressure and GFR,"Calculate net filtration pressure from glomerular hydrostatic pressure, capsular pressure, and colloid osmotic pressure and predict the effect of each change on glomerular filtration rate.",Yes,Yes,3,core,w13-gfr-forces
214,5,"Renal, Digestive, Metabolic, Immune and Reproductive Physiology",Renal Physiology,Regulation of GFR,"Compare myogenic autoregulation, tubuloglomerular feedback, sympathetic control, and hormonal control and predict the effect of afferent and efferent arteriolar constriction on filtration rate.",Yes,,3,core,w13-gfr-regulation
215,5,"Renal, Digestive, Metabolic, Immune and Reproductive Physiology",Renal Physiology,Renal clearance,Calculate the clearance of a substance and use inulin and creatinine clearance to estimate glomerular filtration rate.,Yes,Yes,3,core,w13-renal-clearance
216,5,"Renal, Digestive, Metabolic, Immune and Reproductive Physiology",Renal Physiology,Clearance and handling inference,Use a clearance value relative to glomerular filtration rate to determine whether a substance is net reabsorbed or net secreted.,Yes,Yes,3,high,w13-clearance-inference
217,5,"Renal, Digestive, Metabolic, Immune and Reproductive Physiology",Renal Physiology,Proximal tubule reabsorption,"Explain how the sodium gradient drives reabsorption of glucose, amino acids, and water in the proximal tubule and state why reabsorption there is described as isosmotic.",Yes,,3,core,w13-proximal-reabsorption
218,5,"Renal, Digestive, Metabolic, Immune and Reproductive Physiology",Renal Physiology,Transport maximum and renal threshold,Distinguish transport maximum from renal threshold and explain the appearance of glucose in urine when plasma glucose is elevated.,Yes,Yes,3,core,w13-renal-threshold
219,5,"Renal, Digestive, Metabolic, Immune and Reproductive Physiology",Renal Physiology,Tubular secretion,"State the purpose of tubular secretion and name substances secreted including hydrogen ion, potassium, and organic anions such as drugs.",Yes,,2,high,w13-tubular-secretion
220,5,"Renal, Digestive, Metabolic, Immune and Reproductive Physiology",Renal Physiology,Countercurrent mechanism,Explain how the countercurrent multiplier of the loop of Henle and the countercurrent exchanger of the vasa recta build and preserve the medullary osmotic gradient.,Yes,,3,core,w13-countercurrent
221,5,"Renal, Digestive, Metabolic, Immune and Reproductive Physiology",Renal Physiology,Antidiuretic hormone and urine concentration,Trace the response to dehydration from osmoreceptor firing through antidiuretic hormone release to aquaporin insertion and concentrated urine.,Yes,Yes,3,core,w13-adh-water-balance
222,5,"Renal, Digestive, Metabolic, Immune and Reproductive Physiology",Renal Physiology,Renin angiotensin aldosterone system,"Trace the renin angiotensin aldosterone pathway from the stimulus for renin release to the effects of angiotensin II and aldosterone on vessels, tubules, and blood pressure.",Yes,Yes,3,core,w13-raas
223,5,"Renal, Digestive, Metabolic, Immune and Reproductive Physiology",Renal Physiology,Natriuretic peptides,Explain how atrial natriuretic peptide opposes the renin angiotensin aldosterone system and state the stimulus for its release.,Yes,,2,high,w13-natriuretic-peptides
224,5,"Renal, Digestive, Metabolic, Immune and Reproductive Physiology",Renal Physiology,Potassium handling,Explain how aldosterone and plasma potassium regulate potassium secretion in the collecting duct and predict the effect of a potassium wasting diuretic.,Yes,,3,high,w13-potassium-handling
225,5,"Renal, Digestive, Metabolic, Immune and Reproductive Physiology",Renal Physiology,Micturition,Trace the micturition reflex and explain how the internal and external sphincters allow voluntary control.,Yes,,2,support,w13-micturition
226,5,"Renal, Digestive, Metabolic, Immune and Reproductive Physiology",Renal Physiology,Urinalysis,"Perform a urinalysis measuring specific gravity, pH, glucose, protein, ketones, and blood and relate any abnormal finding to the renal process that failed.",,Yes,3,core,w13-lab-urinalysis
227,5,"Renal, Digestive, Metabolic, Immune and Reproductive Physiology",Renal Physiology,Renal function calculation,"Calculate glomerular filtration rate, clearance, and filtered load from a data set and interpret the values in a clinical case.",,Yes,3,core,w13-lab-renal-calculation
228,5,"Renal, Digestive, Metabolic, Immune and Reproductive Physiology",Acid Base and Fluid Balance,Buffer systems,"Compare the bicarbonate, phosphate, and protein buffer systems by location and speed and explain why bicarbonate is the dominant extracellular buffer.",Yes,,2,core,w13-buffer-systems
229,5,"Renal, Digestive, Metabolic, Immune and Reproductive Physiology",Acid Base and Fluid Balance,Respiratory control of pH,Explain how a change in ventilation shifts the carbon dioxide and bicarbonate equilibrium and therefore plasma pH.,Yes,,3,core,w13-respiratory-ph-control
230,5,"Renal, Digestive, Metabolic, Immune and Reproductive Physiology",Acid Base and Fluid Balance,Renal control of pH,Describe how the kidney secretes hydrogen ion and reclaims or generates bicarbonate and explain why renal compensation is slower and more complete than respiratory compensation.,Yes,,3,core,w13-renal-ph-control
231,5,"Renal, Digestive, Metabolic, Immune and Reproductive Physiology",Acid Base and Fluid Balance,The four acid base disorders,"Classify a disorder as respiratory or metabolic and as acidosis or alkalosis from pH, partial pressure of carbon dioxide, and bicarbonate.",Yes,Yes,3,core,w13-acid-base-disorders
232,5,"Renal, Digestive, Metabolic, Immune and Reproductive Physiology",Acid Base and Fluid Balance,Compensation,"Determine whether an acid base disorder is uncompensated, partially compensated, or fully compensated and name the system doing the compensating.",Yes,Yes,3,core,w13-acid-base-compensation
233,5,"Renal, Digestive, Metabolic, Immune and Reproductive Physiology",Acid Base and Fluid Balance,Arterial blood gas interpretation,Interpret a set of arterial blood gas values and match the result to a plausible clinical cause.,,Yes,3,core,w13-lab-abg-interpretation
234,5,"Renal, Digestive, Metabolic, Immune and Reproductive Physiology",Acid Base and Fluid Balance,Volume and osmolarity disturbances,"Classify a disturbance as volume depletion or overload and as hypoosmotic, isosmotic, or hyperosmotic and predict the resulting fluid shift between compartments.",Yes,,3,high,w13-volume-osmolarity
235,5,"Renal, Digestive, Metabolic, Immune and Reproductive Physiology",Digestive Physiology,Four digestive processes,"Distinguish motility, secretion, digestion, and absorption and identify where in the tract each dominates.",Yes,,2,core,w14-digestive-processes
236,5,"Renal, Digestive, Metabolic, Immune and Reproductive Physiology",Digestive Physiology,Motility patterns,"Compare peristalsis, segmentation, and the migrating motor complex by pattern and purpose.",Yes,Yes,2,core,w14-gi-motility
237,5,"Renal, Digestive, Metabolic, Immune and Reproductive Physiology",Digestive Physiology,Neural and hormonal regulation,"Explain short and long reflex control by the enteric nervous system and match gastrin, secretin, cholecystokinin, and glucose dependent insulinotropic peptide to their stimulus and action.",Yes,,3,core,w14-gi-regulation
238,5,"Renal, Digestive, Metabolic, Immune and Reproductive Physiology",Digestive Physiology,Phases of digestive control,"Describe the cephalic, gastric, and intestinal phases and state the dominant control mechanism in each.",Yes,,2,high,w14-digestive-phases
239,5,"Renal, Digestive, Metabolic, Immune and Reproductive Physiology",Digestive Physiology,Gastric secretion and mucosal protection,Trace the production of hydrochloric acid by the parietal cell and explain how the mucosal barrier protects the stomach and how ulcers develop when it fails.,Yes,,3,core,w14-gastric-secretion
240,5,"Renal, Digestive, Metabolic, Immune and Reproductive Physiology",Digestive Physiology,Pancreatic and biliary secretion,State the components of pancreatic juice and bile and explain how bicarbonate neutralizes chyme and how bile salts emulsify fat.,Yes,,3,core,w14-pancreatic-bile-secretion
241,5,"Renal, Digestive, Metabolic, Immune and Reproductive Physiology",Digestive Physiology,Carbohydrate and protein digestion and absorption,Trace a starch and a protein from mouth to bloodstream naming the enzymes at each step and the transport mechanism at the brush border.,Yes,Yes,3,core,w14-carb-protein-absorption
242,5,"Renal, Digestive, Metabolic, Immune and Reproductive Physiology",Digestive Physiology,Lipid digestion and absorption,"Trace a triglyceride through emulsification, lipase action, micelle formation, and chylomicron packaging to the lymphatic route and explain why fat takes a different path than glucose.",Yes,,3,core,w14-lipid-absorption
243,5,"Renal, Digestive, Metabolic, Immune and Reproductive Physiology",Digestive Physiology,Liver function and enterohepatic circulation,"State the metabolic, storage, and detoxification functions of the liver and trace the enterohepatic circulation of bile salts.",Yes,,2,high,w14-liver-function
244,5,"Renal, Digestive, Metabolic, Immune and Reproductive Physiology",Digestive Physiology,Large intestine and microbiome,"Describe water and electrolyte absorption in the colon, the contribution of the microbiome, and the defecation reflex.",Yes,,2,high,w14-large-intestine
245,5,"Renal, Digestive, Metabolic, Immune and Reproductive Physiology",Digestive Physiology,Digestive enzyme experiment,"Test the effect of pH, temperature, and substrate on a digestive enzyme and relate the results to the region of the tract where that enzyme works.",,Yes,3,core,w14-lab-digestion-enzymes
246,5,"Renal, Digestive, Metabolic, Immune and Reproductive Physiology",Metabolism and Energy Balance,ATP production pathways,"Compare glycolysis, the citric acid cycle, and oxidative phosphorylation by location, oxygen requirement, and ATP yield.",Yes,,2,core,w14-atp-pathways
247,5,"Renal, Digestive, Metabolic, Immune and Reproductive Physiology",Metabolism and Energy Balance,Absorptive state,"Describe the fate of glucose, amino acids, and fats in the absorptive state and identify insulin as the dominant hormone.",Yes,,2,core,w14-absorptive-state
248,5,"Renal, Digestive, Metabolic, Immune and Reproductive Physiology",Metabolism and Energy Balance,Postabsorptive state,"Explain how glycogenolysis, gluconeogenesis, lipolysis, and ketogenesis maintain plasma glucose during fasting and name the hormones that drive each.",Yes,,3,core,w14-postabsorptive-state
249,5,"Renal, Digestive, Metabolic, Immune and Reproductive Physiology",Metabolism and Energy Balance,Integrated glucose regulation,Predict the hormonal and metabolic response to a carbohydrate meal and to a prolonged fast and explain how plasma glucose stays within range in both.,Yes,Yes,3,core,w14-glucose-regulation
250,5,"Renal, Digestive, Metabolic, Immune and Reproductive Physiology",Metabolism and Energy Balance,Energy balance and metabolic rate,"Define basal metabolic rate, state the factors that raise and lower it, and explain how indirect calorimetry estimates energy expenditure.",Yes,Yes,2,high,w14-metabolic-rate
251,5,"Renal, Digestive, Metabolic, Immune and Reproductive Physiology",Metabolism and Energy Balance,Thermoregulation,Trace the negative feedback response to heat and to cold through the hypothalamus and the effectors and explain the mechanism of fever.,Yes,,3,core,w14-thermoregulation
252,5,"Renal, Digestive, Metabolic, Immune and Reproductive Physiology",Metabolism and Energy Balance,Metabolic rate measurement,Estimate metabolic rate from measured or simulated oxygen consumption and compare resting values with values after activity.,,Yes,3,high,w14-lab-metabolic-rate
253,5,"Renal, Digestive, Metabolic, Immune and Reproductive Physiology",Immune Physiology,Innate defenses,"Describe the physical, chemical, and cellular innate defenses and explain what makes them nonspecific and immediate.",Yes,,2,core,w15-innate-immunity
254,5,"Renal, Digestive, Metabolic, Immune and Reproductive Physiology",Immune Physiology,Inflammation and fever,Order the events of the inflammatory response and explain how the cardinal signs arise and why fever aids defense.,Yes,,3,core,w15-inflammation
255,5,"Renal, Digestive, Metabolic, Immune and Reproductive Physiology",Immune Physiology,Adaptive immunity,"Compare humoral and cell mediated immunity by the cell responsible, the target, and the mechanism of elimination.",Yes,,3,core,w15-adaptive-immunity
256,5,"Renal, Digestive, Metabolic, Immune and Reproductive Physiology",Immune Physiology,Antibody structure and function,Relate antibody structure to antigen binding and name the mechanisms by which antibodies neutralize or mark a target.,Yes,Yes,2,high,w15-antibodies
257,5,"Renal, Digestive, Metabolic, Immune and Reproductive Physiology",Immune Physiology,Immune memory and immunization,Compare the primary and secondary antibody responses and explain how active and passive immunization produce protection.,Yes,,3,core,w15-immune-memory
258,5,"Renal, Digestive, Metabolic, Immune and Reproductive Physiology",Immune Physiology,Immune dysfunction,"Classify allergy, autoimmunity, and immunodeficiency by what the immune system is doing wrong in each.",Yes,,2,support,w15-immune-dysfunction
259,5,"Renal, Digestive, Metabolic, Immune and Reproductive Physiology",Reproductive Physiology,Hypothalamic pituitary gonadal axis,Trace the gonadotropin releasing hormone axis to the gonads and place the feedback loops for both sexes.,Yes,,2,core,w15-hpg-axis
260,5,"Renal, Digestive, Metabolic, Immune and Reproductive Physiology",Reproductive Physiology,Male reproductive physiology,"Explain the control of spermatogenesis by follicle stimulating hormone, luteinizing hormone, and testosterone and state the roles of the Sertoli and Leydig cells.",Yes,,2,core,w15-male-reproductive
261,5,"Renal, Digestive, Metabolic, Immune and Reproductive Physiology",Reproductive Physiology,Ovarian cycle,"Order the follicular, ovulatory, and luteal phases and explain how the luteinizing hormone surge is triggered by positive feedback.",Yes,Yes,3,core,w15-ovarian-cycle
262,5,"Renal, Digestive, Metabolic, Immune and Reproductive Physiology",Reproductive Physiology,Uterine cycle,"Correlate the menstrual, proliferative, and secretory phases of the uterine cycle with the estrogen and progesterone levels that drive them.",Yes,Yes,3,core,w15-uterine-cycle
263,5,"Renal, Digestive, Metabolic, Immune and Reproductive Physiology",Reproductive Physiology,Pregnancy and placental hormones,"Explain how human chorionic gonadotropin rescues the corpus luteum and state the roles of placental estrogen, progesterone, and relaxin.",Yes,,2,high,w15-pregnancy-hormones
264,5,"Renal, Digestive, Metabolic, Immune and Reproductive Physiology",Reproductive Physiology,Parturition and lactation,Explain labor as a positive feedback loop driven by oxytocin and compare the hormonal control of milk production with milk ejection.,Yes,,3,core,w15-parturition-lactation
265,5,"Renal, Digestive, Metabolic, Immune and Reproductive Physiology",Reproductive Physiology,Hormone cycle graph interpretation,Read a graph of gonadotropin and ovarian hormone levels across a cycle and identify the day of ovulation and the event driving each peak.,,Yes,3,core,w15-lab-cycle-graphs
266,5,"Renal, Digestive, Metabolic, Immune and Reproductive Physiology",Integration,Multisystem integration case,"Given a clinical scenario, trace the disturbance through at least three organ systems and identify the compensatory responses in the order they occur.",Yes,Yes,3,core,w15-integration-case
267,5,"Renal, Digestive, Metabolic, Immune and Reproductive Physiology",Integration,Exercise as an integrated response,"Build an integrated account of moderate exercise across the muscular, cardiovascular, respiratory, endocrine, and renal systems.",Yes,Yes,3,core,w15-exercise-integration
268,5,"Renal, Digestive, Metabolic, Immune and Reproductive Physiology",Integration,Drawing based synthesis check,Draw and annotate a homeostatic pathway from memory and explain each step aloud or in writing without notes.,Yes,Yes,3,core,w15-drawing-synthesis
